[
{
    "model": "inventory.barcodetype",
    "pk": 1,
    "fields": {
        "name": "ean_13"
    }
},
{
    "model": "inventory.measurementunit",
    "pk": 1,
    "fields": {
        "name": "Pieces",
        "short": "pcs.",
        "description": ""
    }
},
{
    "model": "inventory.measurementunit",
    "pk": 2,
    "fields": {
        "name": "Meter",
        "short": "m",
        "description": ""
    }
},
{
    "model": "inventory.measurementunit",
    "pk": 3,
    "fields": {
        "name": "Kilogram",
        "short": "kg",
        "description": ""
    }
},
{
    "model": "inventory.measurementunit",
    "pk": 4,
    "fields": {
        "name": "Liter",
        "short": "l",
        "description": ""
    }
},
{
    "model": "inventory.locationtype",
    "pk": 1,
    "fields": {
        "name": "Haus+Etage",
        "unique": true,
        "auto_name_prefix": "",
        "auto_short_name_prefix": "",
        "auto_short_name_padding_length": 0,
        "auto_sequence": null,
        "default_label_template": 4
    }
},
{
    "model": "inventory.locationtype",
    "pk": 2,
    "fields": {
        "name": "Schrank",
        "unique": true,
        "auto_name_prefix": "Schrank",
        "auto_short_name_prefix": "S",
        "auto_short_name_padding_length": 3,
        "auto_sequence": "0123456789",
        "default_label_template": 4
    }
},
{
    "model": "inventory.locationtype",
    "pk": 3,
    "fields": {
        "name": "Regal",
        "unique": true,
        "auto_name_prefix": "Regal",
        "auto_short_name_prefix": "R",
        "auto_short_name_padding_length": 3,
        "auto_sequence": "0123456789",
        "default_label_template": 4
    }
},
{
    "model": "inventory.locationtype",
    "pk": 4,
    "fields": {
        "name": "Palette",
        "unique": true,
        "auto_name_prefix": "Palette",
        "auto_short_name_prefix": "P",
        "auto_short_name_padding_length": 4,
        "auto_sequence": "0123456789abcdefghijklmnopqrstuvwxyz",
        "default_label_template": 3
    }
},
{
    "model": "inventory.locationtype",
    "pk": 5,
    "fields": {
        "name": "Kiste",
        "unique": true,
        "auto_name_prefix": "Kiste",
        "auto_short_name_prefix": "K",
        "auto_short_name_padding_length": 4,
        "auto_sequence": "0123456789abcdef",
        "default_label_template": 3
    }
},
{
    "model": "inventory.locationtype",
    "pk": 6,
    "fields": {
        "name": "Raum/Bereich",
        "unique": false,
        "auto_name_prefix": "",
        "auto_short_name_prefix": "",
        "auto_short_name_padding_length": 0,
        "auto_sequence": null,
        "default_label_template": 4
    }
},
{
    "model": "inventory.locationtype",
    "pk": 7,
    "fields": {
        "name": "Fach/Schub",
        "unique": false,
        "auto_name_prefix": "Fach",
        "auto_short_name_prefix": "",
        "auto_short_name_padding_length": 0,
        "auto_sequence": "abcdefghijklmnopqrstuvwxyz",
        "default_label_template": 4
    }
},
{
    "model": "inventory.locationlabeltemplate",
    "pk": 1,
    "fields": {
        "name": "70x32 static up",
        "zpl_template": "^XA\r\n^FX Settings for paper labels, printed with wax\r\n~SD19\r\n^CI28\r\n^LT15\r\n^PW560\r\n^FX QR-Code\r\n^FO10,0\r\n^BQN,2,6,Q,5\r\n^FDQA,$url^FS\r\n\r\n^FX Direction indicator UP (center 390)\r\n^FO376,5^GB14,7,7^FS\r\n^FO369,12^GB28,7,7^FS\r\n^FO362,19^GB42,7,7^FS\r\n^FO355,26^GB56,7,7^FS\r\n^FO348,33^GB70,7,7^FS\r\n^FO341,40^GB84,7,7^FS\r\n^FO334,47^GB98,7,7^FS\r\n^FO327,54^GB112,7,7^FS\r\n\r\n^FX white-on-black short identifier\r\n^LRY\r\n^FO230,65\r\n^GB320,90,90^FS\r\n^FO230,88\r\n^FB320,1,0,C,0\r\n^AF,40\r\n^FD$unique_identifier\\&^FS\r\n^LRN\r\n\r\n^FX descriptive identifier\r\n^FO0,225\r\n^A0,25,18\r\n^FB560,1,0,C,0\r\n^FD$descriptive_identifier\\&^FS\r\n\r\n^XZ",
        "label_width": 70,
        "label_height": 32
    }
},
{
    "model": "inventory.locationlabeltemplate",
    "pk": 2,
    "fields": {
        "name": "70x32 static down",
        "zpl_template": "^XA\r\n^FX Settings for paper labels, printed with wax\r\n~SD19\r\n^CI28\r\n^LT15\r\n^PW560\r\n^FX QR-Code\r\n^FO10,0\r\n^BQN,2,6,Q,5\r\n^FDQA,$url^FS\r\n\r\n^FX Direction indicator DOWN (center 390)\r\n^FO376,208^GB14,7,7^FS\r\n^FO369,201^GB28,7,7^FS\r\n^FO362,194^GB42,7,7^FS\r\n^FO355,187^GB56,7,7^FS\r\n^FO348,180^GB70,7,7^FS\r\n^FO341,173^GB84,7,7^FS\r\n^FO334,166^GB98,7,7^FS\r\n^FO327,159^GB112,7,7^FS\r\n\r\n^FX white-on-black short identifier\r\n^LRY\r\n^FO230,65\r\n^GB320,90,90^FS\r\n^FO230,88\r\n^FB320,1,0,C,0\r\n^AF,40\r\n^FD$unique_identifier\\&^FS\r\n^LRN\r\n\r\n^FX descriptive identifier\r\n^FO0,225\r\n^A0,25,18\r\n^FB560,1,0,C,0\r\n^FD$descriptive_identifier\\&^FS\r\n\r\n^XZ",
        "label_width": 70,
        "label_height": 32
    }
},
{
    "model": "inventory.locationlabeltemplate",
    "pk": 3,
    "fields": {
        "name": "60x30 mobile",
        "zpl_template": "^XA\r\n^CI28\r\n^PW480\r\n^FX QR-Code\r\n^FO10,0\r\n^BQN,2,6,Q,5\r\n^FDQA,$url^FS\r\n\r\n^FX white-on-black short identifier\r\n^LRY\r\n^FO220,10\r\n^GB260,90,90^FS\r\n^FO220,30\r\n^FB260,1,0,C,0\r\n^AF,40\r\n^FD$unique_identifier\\&^FS\r\n^LRN\r\n\r\n^FX eigentums text\r\n^FO5,220\r\n^FB470,1,0,C,0\r\n^A0,18\r\n^FDEigentum Betreiberverein Makerspace+ für Erlangen e.V.\\&^FS\r\n\r\n^FX ZAM Logo\r\n^FO225,110\r\n^GFA,5760,2880,30,000000000000000000000000000000000000000000000000000000000000000000000000000000000000000000000000000000000000000000000000000000000000000000000000000000000000000000000000000000000000000000000000000000000000000000000000000000000000000000000000000000000000000000000000000000000000000000000000000000000000000000000000000000000000000000000000000000000000000000000000000000000000000000000000000000000000000000000000000000000000000000000000000000000000000000000000000000000000000000000000000000000000000000000000000000000000000000000000000000000000000000000000000000000000000000000000000000000000000000000000000000000000000000000000000000000000000000000000000000000000000000000000000000000000000000000000000000000000000000000000000000000000000000000000000000000000000000000000000000000000000000000000000000000000000000000000000000000000000000000000000FFFFFFFFFFFFFFFFFC00000FFF000FFFF8000001FFE000003FFC00000001FFFFFFFFFFFFFFFFFC00003FFFE00FFFF8000007FFF80001FFFF00000000FFFFFFFFFFFFFFFFFC0000FFFFF00FFFF800001FFFFE0003FFFFC0000001FFFFFFFFFFFFFFFFFC0001FFFFF80FFFF800003FFFFF0007FFFFE0000000FFFFFFFFFFFFFFFFFC0003FFFFFC0FFFF800007FFFFF800FFFFFF0000001FFFFFFFFFFFFFFFFFC0007FFFFFE0FFFF80000FFFFFFC01FFFFFF8000000FFFFFFFFFFFFFFFFFC000FFFFFFF0FFFF80001FFFFFFE03FFFFFFC000001FFFFFFFFFFFFFFFFFC001FFFFFFF8FFFF80003FFFFFFF07FFFFFFE000000FFFFFFFFFFFFFFFFFC001FFFFFFFCFFFF80007FFFFFFF0FFFFFFFE000001FFFFFFFFFFFFFFFFFC003FFFFFFFCFFFF80007FFFFFFF8FFFFFFFF000000FFFFFFFFFFFFFFFFFC003FFFFFFFEFFFF80007FFFFFFF9FFFFFFFF000001FFFFFFFFFFFFFFFFFC007FFFFFFFEFFFF8000FFFFFFFFDFFFFFFFF800000FFFFFFFFFFFFFFFFFC007FFFFFFFEFFFF8000FFFFFFFFDFFFFFFFF800001FFFFFFFFFFFFFFFFFC007FFFFFFFFFFFF8001FFFFFFFFDFFFFFFFF800000FFFFFFFFFFFFFFFFFC007FFFFFFFFFFFF8001FFFFFFFFFFFFFFFFF800001FFFFFFFFFFFFFFFFFC00FFFFFFFFFFFFF8001FFFFFFFFFFFFFFFFFC00000FFFFFFFFFFFFFFFFFC00FFFFFFFFFFFFF8001FFFFFFFFFFFFFFFFF8000000000000000000000C000FFFFC0000FFFF8001FFFFFFFFFFFFFFFFFC000000000000000000007E000FFFFC0000FFFF8001FFFFFFFFFFFFFFFFF800000000000000000007FE000FFFFC0000FFFF8001FFFFFFFFFFFFFFFFFC000000000000000000FFFE000FFFFC0000FFFF8001FFFFFFFFFFFFFFFFF800000000000000000FFFFF000FFFFC0000FFFF8001FFFFFFFFFFFFFFFFFC00000000000000007FFFFF000FFFFC0000FFFF8001FFFFFFFFFFFFFFFFF80000000000000007FFFFFF000FFFFC0000FFFF8001FFFFFFFFFFFFFFFFFC000000000000003FFFFFFF000FFFFC0000FFFF8001FFFFFFFFFFFFFFFFF800000000000003FFFFFFFF800FFFFC0000FFFF8001FFFFFFFFFFFFFFFFFC0000000000001FFFFFFFFF800FFFFC0000FFFF8001FFFFFFFFFFFFFFFFF8000000000007FFFFFFFFFF800FFFFC0000FFFF8001FFFFFFFFFFFFFFFFFC00000000003FFFFFFFFFFFC00FFFFC0000FFFF8001FFFFFFFFFFFFFFFFF80000000003FFFFFFFFFFFFC00FFFFC0000FFFF8001FFFFFFFFFFFFFFFFFC000000001FFFFFFFFFFFFFC00FFFFC0000FFFF8001FFFFFFFFFFFFFFFFF800000001FFFFFFFFFFFFFFC00FFFFC0000FFFF8001FFFFFFFFFFFFFFFFFC0000000FFFFFFFFFFFFFFFC00FFFFC0000FFFF8001FFFFFFFFFFFFFFFFF8000000FFFFFFFFFFFFFFFFC00FFFFC0000FFFF8001FFFFFFFFFFFFFFFFFC00001FFFFFFFFFFFFFFFFF000FFFFC0000FFFF8001FFFFFFFFFFFFFFFFF800001FFFFFFFFFFFFFFFF0000FFFFC0000FFFF8001FFFFFFFFFFFFFFFFFC00001FFFFFFFFFFFFFFF80000FFFFC0000FFFF8001FFFFFFFFFFFFFFFFF800001FFFFFFFFFFFFFF800000FFFFC0000FFFF8001FFFFFFFFFFFFEFFFFC00001FFFFFFFFFFFFFC000000FFFFC0000FFFF8001FFFFFFFFFFFFEFFFF800000FFFFFFFFFFFFC0000000FFFFC0000FFFF8001FFFFBFFFFFFFEFFFFC00000FFFFFFFFFFFE00000000FFFFC0000FFFF8001FFFFBFFFFFFFEFFFF800000FFFFFFFFFF8000000000FFFFC0000FFFF8001FFFFBFFFFFFFCFFFFC000007FFFFFFFFC0000000000FFFFC0000FFFF8001FFFF9FFFFFFFCFFFF8000007FFFFFFFC00000000000FFFFC0000FFFF8001FFFF8FFFFFFFCFFFFC000007FFFFFFE000000000000FFFFC0000FFFF8001FFFF8FFFFFFF8FFFF8000007FFFFFE0000000000000FFFFC0000FFFF8001FFFF8FFFFFFF0FFFFC000003FFFFF00000000000000FFFFC0000FFFF8001FFFF87FFFFFE0FFFF8000003FFFF000000000000000FFFFC0000FFFF8001FFFF83FFFFFC0FFFFC000003FFE0000000000000000FFFFC0000FFFF8001FFFF80FFFFF00FFFF8000001FF00000000000000000FFFFC0000FFFF8001FFFF803FFFE00FFFFC000001F000000000000000000FFFFC0000FFFF8001FFFF800FFF800FFFF80000018000000000000000000FFFFC0000FFFF8001FFFF8003FC000FFFFC00000FFFFFFFFFFFFFFFFFC00FFFFFFFFFFFFF8001FFFF800000000FFFF800001FFFFFFFFFFFFFFFFFC007FFFFFFFFFFFF8001FFFF800000000FFFFC00000FFFFFFFFFFFFFFFFFC007FFFFFFFFFFFF8001FFFF800000000FFFF800001FFFFFFFFFFFFFFFFFC007FFFFFFFEFFFF8001FFFF800000000FFFFC00000FFFFFFFFFFFFFFFFFC007FFFFFFFEFFFF8001FFFF800000000FFFF800001FFFFFFFFFFFFFFFFFC007FFFFFFFEFFFF8001FFFF800000000FFFFC00000FFFFFFFFFFFFFFFFFC003FFFFFFFEFFFF8001FFFF800000000FFFF800001FFFFFFFFFFFFFFFFFC003FFFFFFFCFFFF8001FFFF800000000FFFFC00000FFFFFFFFFFFFFFFFFC001FFFFFFFCFFFF8001FFFF800000000FFFF800001FFFFFFFFFFFFFFFFFC000FFFFFFF8FFFF8001FFFF800000000FFFFC00000FFFFFFFFFFFFFFFFFC000FFFFFFF0FFFF8001FFFF800000000FFFF800001FFFFFFFFFFFFFFFFFC0007FFFFFE0FFFF8001FFFF800000000FFFFC00000FFFFFFFFFFFFFFFFFC0003FFFFFC0FFFF8001FFFF800000000FFFF800001FFFFFFFFFFFFFFFFFC0001FFFFF80FFFF8001FFFF800000000FFFFC00000FFFFFFFFFFFFFFFFFC0000FFFFF00FFFF8001FFFF800000000FFFF800001FFFFFFFFFFFFFFFFFC00003FFFC00FFFF8001FFFF800000000FFFFC00000FFFFFFFFFFFFFFFFFC000007FC000FFFF8001FFFF800000000FFFF800000000000000000000000000000000000000000000000000000000000000000000000000000000000000000000000000000000000000000000000000000000000000000000000000000000000000000000000000000000000000000000000000000000000000000000000000000000000000000000000000000000000000000000000000000000000000000000000000000000000000000000000000000000000000000000000000000000000000000000000000000000000000000000000000000000000000000000000000000000000000000000000000000000000000000000000000000000000000000000000000000000000000000000000000000000000000000000000000000000000000000000000000000000000000000000000000000000000000000000000000000000000000000000000000000000000000000000000000000000000000000000000000000000000000000000000000000000000000000000000000000000000000000000000000000000000000000000000000000000000000\r\n^FS\r\n\r\n^XZ",
        "label_width": 60,
        "label_height": 30
    }
},
{
    "model": "inventory.locationlabeltemplate",
    "pk": 4,
    "fields": {
        "name": "70x32 static",
        "zpl_template": "^XA\r\n^FX Settings for paper labels, printed with wax\r\n~SD19\r\n^CI28\r\n^LT15\r\n^PW560\r\n^FX QR-Code\r\n^FO10,0\r\n^BQN,2,6,Q,5\r\n^FDQA,$url^FS\r\n\r\n^FX white-on-black short identifier\r\n^LRY\r\n^FO230,65\r\n^GB320,90,90^FS\r\n^FO230,88\r\n^FB320,1,0,C,0\r\n^AF,40\r\n^FD$unique_identifier\\&^FS\r\n^LRN\r\n\r\n^FX descriptive identifier\r\n^FO0,225\r\n^A0,25,18\r\n^FB560,1,0,C,0\r\n^FD$descriptive_identifier\\&^FS\r\n\r\n^XZ",
        "label_width": 70,
        "label_height": 32
    }
},
{
    "model": "inventory.locationlabeltemplate",
    "pk": 5,
    "fields": {
        "name": "105x52 mobile",
        "zpl_template": "^XA\r\n^CI28\r\n^PW840\r\n^FX QR-Code\r\n^FO10,0\r\n^BQN,2,10,Q,5\r\n^FDQA,$url^FS\r\n\r\n^FX white-on-black short identifier\r\n^LRY\r\n^FO370,10\r\n^GB470,150,150^FS\r\n^FO370,40\r\n^FB470,1,0,C,0\r\n^A0,120\r\n^FD$unique_identifier,\\&^FS\r\n^LRN\r\n\r\n^FX eigentums text\r\n^FO0,375\r\n^FB840,1,0,C,0\r\n^A0,34\r\n^FDEigentum Betreiberverein Makerspace+ fuer Erlangen e.V.\\&^FS\r\n\r\n^FX ZAM Logo\r\n^FO405,190\r\n^GFA,16000,8000,50,3FFFFFFFFFFFFFFFFFFFFFFFFFFFFFFFC00000000000FFE0000003FFFFFFFC0000000000001FFC0000000000001FF80000003FFFFFFFFFFFFFFFFFFFFFFFFFFFFFFFC0000000000FFFFF000003FFFFFFFC000000000003FFFFC00000000003FFFFC000003FFFFFFFFFFFFFFFFFFFFFFFFFFFFFFFC0000000007FFFFFC00003FFFFFFFC00000000000FFFFFF8000000000FFFFFF000003FFFFFFFFFFFFFFFFFFFFFFFFFFFFFFFC000000001FFFFFFF00003FFFFFFFC00000000007FFFFFFE000000007FFFFFFC00003FFFFFFFFFFFFFFFFFFFFFFFFFFFFFFFC000000003FFFFFFFC0003FFFFFFFC0000000000FFFFFFFF80000001FFFFFFFF00003FFFFFFFFFFFFFFFFFFFFFFFFFFFFFFFC00000000FFFFFFFFF0003FFFFFFFC0000000003FFFFFFFFC0000003FFFFFFFFC0003FFFFFFFFFFFFFFFFFFFFFFFFFFFFFFFC00000001FFFFFFFFF8003FFFFFFFC0000000007FFFFFFFFE0000007FFFFFFFFE0003FFFFFFFFFFFFFFFFFFFFFFFFFFFFFFFC00000007FFFFFFFFFE003FFFFFFFC000000001FFFFFFFFFF800001FFFFFFFFFF8003FFFFFFFFFFFFFFFFFFFFFFFFFFFFFFFC0000000FFFFFFFFFFF003FFFFFFFC000000003FFFFFFFFFFC00003FFFFFFFFFFC003FFFFFFFFFFFFFFFFFFFFFFFFFFFFFFFC0000001FFFFFFFFFFF803FFFFFFFC000000007FFFFFFFFFFE00007FFFFFFFFFFE003FFFFFFFFFFFFFFFFFFFFFFFFFFFFFFFC0000003FFFFFFFFFFFC03FFFFFFFC00000000FFFFFFFFFFFF0000FFFFFFFFFFFF003FFFFFFFFFFFFFFFFFFFFFFFFFFFFFFFC0000007FFFFFFFFFFFE03FFFFFFFC00000001FFFFFFFFFFFF8001FFFFFFFFFFFF803FFFFFFFFFFFFFFFFFFFFFFFFFFFFFFFC000000FFFFFFFFFFFFF03FFFFFFFC00000001FFFFFFFFFFFFC003FFFFFFFFFFFF803FFFFFFFFFFFFFFFFFFFFFFFFFFFFFFFC000000FFFFFFFFFFFFF03FFFFFFFC00000003FFFFFFFFFFFFC003FFFFFFFFFFFFC03FFFFFFFFFFFFFFFFFFFFFFFFFFFFFFFC000001FFFFFFFFFFFFF83FFFFFFFC00000007FFFFFFFFFFFFE007FFFFFFFFFFFFE03FFFFFFFFFFFFFFFFFFFFFFFFFFFFFFFC000003FFFFFFFFFFFFFC3FFFFFFFC0000000FFFFFFFFFFFFFF00FFFFFFFFFFFFFE03FFFFFFFFFFFFFFFFFFFFFFFFFFFFFFFC000003FFFFFFFFFFFFFC3FFFFFFFC0000000FFFFFFFFFFFFFF00FFFFFFFFFFFFFF03FFFFFFFFFFFFFFFFFFFFFFFFFFFFFFFC000007FFFFFFFFFFFFFE3FFFFFFFC0000001FFFFFFFFFFFFFF81FFFFFFFFFFFFFF83FFFFFFFFFFFFFFFFFFFFFFFFFFFFFFFC000007FFFFFFFFFFFFFE3FFFFFFFC0000001FFFFFFFFFFFFFF81FFFFFFFFFFFFFF83FFFFFFFFFFFFFFFFFFFFFFFFFFFFFFFC00000FFFFFFFFFFFFFFE3FFFFFFFC0000003FFFFFFFFFFFFFFC3FFFFFFFFFFFFFFC3FFFFFFFFFFFFFFFFFFFFFFFFFFFFFFFC00000FFFFFFFFFFFFFFF3FFFFFFFC0000003FFFFFFFFFFFFFFC3FFFFFFFFFFFFFFC3FFFFFFFFFFFFFFFFFFFFFFFFFFFFFFFC00000FFFFFFFFFFFFFFF3FFFFFFFC0000003FFFFFFFFFFFFFFC3FFFFFFFFFFFFFFC3FFFFFFFFFFFFFFFFFFFFFFFFFFFFFFFC00001FFFFFFFFFFFFFFFBFFFFFFFC0000007FFFFFFFFFFFFFFE7FFFFFFFFFFFFFFE3FFFFFFFFFFFFFFFFFFFFFFFFFFFFFFFC00001FFFFFFFFFFFFFFFBFFFFFFFC0000007FFFFFFFFFFFFFFE7FFFFFFFFFFFFFFE3FFFFFFFFFFFFFFFFFFFFFFFFFFFFFFFC00001FFFFFFFFFFFFFFFBFFFFFFFC0000007FFFFFFFFFFFFFFE7FFFFFFFFFFFFFFE3FFFFFFFFFFFFFFFFFFFFFFFFFFFFFFFC00003FFFFFFFFFFFFFFFBFFFFFFFC0000007FFFFFFFFFFFFFFF7FFFFFFFFFFFFFFE3FFFFFFFFFFFFFFFFFFFFFFFFFFFFFFFC00003FFFFFFFFFFFFFFFFFFFFFFFC000000FFFFFFFFFFFFFFFFFFFFFFFFFFFFFFFF3FFFFFFFFFFFFFFFFFFFFFFFFFFFFFFFC00003FFFFFFFFFFFFFFFFFFFFFFFC000000FFFFFFFFFFFFFFFFFFFFFFFFFFFFFFFF3FFFFFFFFFFFFFFFFFFFFFFFFFFFFFFFC00003FFFFFFFFFFFFFFFFFFFFFFFC000000FFFFFFFFFFFFFFFFFFFFFFFFFFFFFFFF3FFFFFFFFFFFFFFFFFFFFFFFFFFFFFFFC00003FFFFFFFFFFFFFFFFFFFFFFFC000000FFFFFFFFFFFFFFFFFFFFFFFFFFFFFFFF3FFFFFFFFFFFFFFFFFFFFFFFFFFFFFFFC00003FFFFFFFFFFFFFFFFFFFFFFFC000000FFFFFFFFFFFFFFFFFFFFFFFFFFFFFFFF3FFFFFFFFFFFFFFFFFFFFFFFFFFFFFFFC00003FFFFFFFFFFFFFFFFFFFFFFFC000000FFFFFFFFFFFFFFFFFFFFFFFFFFFFFFFF00000000000000000000000000000070000003FFFFFFFC00000003FFFFFFFC000000FFFFFFFFFFFFFFFFFFFFFFFFFFFFFFFF000000000000000000000000000003F0000003FFFFFFFC00000003FFFFFFFC000000FFFFFFFFFFFFFFFFFFFFFFFFFFFFFFFF00000000000000000000000000007FF8000003FFFFFFFC00000003FFFFFFFC000000FFFFFFFFFFFFFFFFFFFFFFFFFFFFFFFF0000000000000000000000000003FFF8000003FFFFFFFC00000003FFFFFFFC000000FFFFFFFFFFFFFFFFFFFFFFFFFFFFFFFF000000000000000000000000003FFFF8000003FFFFFFFC00000003FFFFFFFC000000FFFFFFFFFFFFFFFFFFFFFFFFFFFFFFFF00000000000000000000000003FFFFF8000003FFFFFFFC00000003FFFFFFFC000000FFFFFFFFFFFFFFFFFFFFFFFFFFFFFFFF0000000000000000000000001FFFFFFC000003FFFFFFFC00000003FFFFFFFC000000FFFFFFFFFFFFFFFFFFFFFFFFFFFFFFFF000000000000000000000001FFFFFFFC000003FFFFFFFC00000003FFFFFFFC000000FFFFFFFFFFFFFFFFFFFFFFFFFFFFFFFF00000000000000000000001FFFFFFFFC000003FFFFFFFC00000003FFFFFFFC000000FFFFFFFFFFFFFFFFFFFFFFFFFFFFFFFF0000000000000000000001FFFFFFFFFE000003FFFFFFFC00000003FFFFFFFC000000FFFFFFFFFFFFFFFFFFFFFFFFFFFFFFFF000000000000000000000FFFFFFFFFFE000003FFFFFFFC00000003FFFFFFFC000000FFFFFFFFFFFFFFFFFFFFFFFFFFFFFFFF00000000000000000000FFFFFFFFFFFE000003FFFFFFFC00000003FFFFFFFC000000FFFFFFFFFFFFFFFFFFFFFFFFFFFFFFFF0000000000000000000FFFFFFFFFFFFE000003FFFFFFFC00000003FFFFFFFC000000FFFFFFFFFFFFFFFFFFFFFFFFFFFFFFFF0000000000000000007FFFFFFFFFFFFE000003FFFFFFFC00000003FFFFFFFC000000FFFFFFFFFFFFFFFFFFFFFFFFFFFFFFFF00000000000000000FFFFFFFFFFFFFFF000003FFFFFFFC00000003FFFFFFFC000000FFFFFFFFFFFFFFFFFFFFFFFFFFFFFFFF00000000000000007FFFFFFFFFFFFFFF000003FFFFFFFC00000003FFFFFFFC000000FFFFFFFFFFFFFFFFFFFFFFFFFFFFFFFF0000000000000007FFFFFFFFFFFFFFFF000003FFFFFFFC00000003FFFFFFFC000000FFFFFFFFFFFFFFFFFFFFFFFFFFFFFFFF000000000000007FFFFFFFFFFFFFFFFF800003FFFFFFFC00000003FFFFFFFC000000FFFFFFFFFFFFFFFFFFFFFFFFFFFFFFFF00000000000003FFFFFFFFFFFFFFFFFF800003FFFFFFFC00000003FFFFFFFC000000FFFFFFFFFFFFFFFFFFFFFFFFFFFFFFFF0000000000003FFFFFFFFFFFFFFFFFFF800003FFFFFFFC00000003FFFFFFFC000000FFFFFFFFFFFFFFFFFFFFFFFFFFFFFFFF000000000003FFFFFFFFFFFFFFFFFFFF800003FFFFFFFC00000003FFFFFFFC000000FFFFFFFFFFFFFFFFFFFFFFFFFFFFFFFF00000000003FFFFFFFFFFFFFFFFFFFFFC00003FFFFFFFC00000003FFFFFFFC000000FFFFFFFFFFFFFFFFFFFFFFFFFFFFFFFF0000000003FFFFFFFFFFFFFFFFFFFFFFC00003FFFFFFFC00000003FFFFFFFC000000FFFFFFFFFFFFFFFFFFFFFFFFFFFFFFFF000000001FFFFFFFFFFFFFFFFFFFFFFFC00003FFFFFFFC00000003FFFFFFFC000000FFFFFFFFFFFFFFFFFFFFFFFFFFFFFFFF00000001FFFFFFFFFFFFFFFFFFFFFFFFE00003FFFFFFFC00000003FFFFFFFC000000FFFFFFFFFFFFFFFFFFFFFFFFFFFFFFFF0000001FFFFFFFFFFFFFFFFFFFFFFFFFE00003FFFFFFFC00000003FFFFFFFC000000FFFFFFFFFFFFFFFFFFFFFFFFFFFFFFFF000001FFFFFFFFFFFFFFFFFFFFFFFFFFE00003FFFFFFFC00000003FFFFFFFC000000FFFFFFFFFFFFFFFFFFFFFFFFFFFFFFFF00001FFFFFFFFFFFFFFFFFFFFFFFFFFFE00003FFFFFFFC00000003FFFFFFFC000000FFFFFFFFFFFFFFFFFFFFFFFFFFFFFFFF0000FFFFFFFFFFFFFFFFFFFFFFFFFFFFF00003FFFFFFFC00000003FFFFFFFC000000FFFFFFFFFFFFFFFFFFFFFFFFFFFFFFFF000FFFFFFFFFFFFFFFFFFFFFFFFFFFFFF00003FFFFFFFC00000003FFFFFFFC000000FFFFFFFFFFFFFFFFFFFFFFFFFFFFFFFF00FFFFFFFFFFFFFFFFFFFFFFFFFFFFFFF00003FFFFFFFC00000003FFFFFFFC000000FFFFFFFFFFFFFFFFFFFFFFFFFFFFFFFF07FFFFFFFFFFFFFFFFFFFFFFFFFFFFFF800003FFFFFFFC00000003FFFFFFFC000000FFFFFFFFFFFFFFFFFFFFFFFFFFFFFFFF7FFFFFFFFFFFFFFFFFFFFFFFFFFFFFFC000003FFFFFFFC00000003FFFFFFFC000000FFFFFFFFFFFFFFFFFFFFFFFFFFFFFFFFFFFFFFFFFFFFFFFFFFFFFFFFFFFFFFC0000003FFFFFFFC00000003FFFFFFFC000000FFFFFFFFFFFFFFFFFFFFFFFFFFFFFFFF7FFFFFFFFFFFFFFFFFFFFFFFFFFFFC00000003FFFFFFFC00000003FFFFFFFC000000FFFFFFFFFFFFFFFFFFFFFFFFFFFFFFFF7FFFFFFFFFFFFFFFFFFFFFFFFFFFC000000003FFFFFFFC00000003FFFFFFFC000000FFFFFFFFFFFFFFFFFFFFFFFFFFFFFFFF7FFFFFFFFFFFFFFFFFFFFFFFFFFC0000000003FFFFFFFC00000003FFFFFFFC000000FFFFFFFFFFFFFFFFFFFFFFFFFFFFFFFF7FFFFFFFFFFFFFFFFFFFFFFFFFE00000000003FFFFFFFC00000003FFFFFFFC000000FFFFFFFFFFFFFFFFFFFFFFFEFFFFFFFF3FFFFFFFFFFFFFFFFFFFFFFFFE000000000003FFFFFFFC00000003FFFFFFFC000000FFFFFFFF7FFFFFFFFFFFFFFEFFFFFFFF3FFFFFFFFFFFFFFFFFFFFFFFE0000000000003FFFFFFFC00000003FFFFFFFC000000FFFFFFFF7FFFFFFFFFFFFFFEFFFFFFFF3FFFFFFFFFFFFFFFFFFFFFFE00000000000003FFFFFFFC00000003FFFFFFFC000000FFFFFFFF7FFFFFFFFFFFFFFEFFFFFFFF3FFFFFFFFFFFFFFFFFFFFFE000000000000003FFFFFFFC00000003FFFFFFFC000000FFFFFFFF7FFFFFFFFFFFFFFCFFFFFFFF1FFFFFFFFFFFFFFFFFFFFF0000000000000003FFFFFFFC00000003FFFFFFFC000000FFFFFFFF3FFFFFFFFFFFFFFCFFFFFFFF1FFFFFFFFFFFFFFFFFFFF00000000000000003FFFFFFFC00000003FFFFFFFC000000FFFFFFFF3FFFFFFFFFFFFFFCFFFFFFFF1FFFFFFFFFFFFFFFFFFF000000000000000003FFFFFFFC00000003FFFFFFFC000000FFFFFFFF1FFFFFFFFFFFFFF8FFFFFFFF1FFFFFFFFFFFFFFFFFF8000000000000000003FFFFFFFC00000003FFFFFFFC000000FFFFFFFF1FFFFFFFFFFFFFF8FFFFFFFF0FFFFFFFFFFFFFFFFF80000000000000000003FFFFFFFC00000003FFFFFFFC000000FFFFFFFF0FFFFFFFFFFFFFF0FFFFFFFF0FFFFFFFFFFFFFFFF800000000000000000003FFFFFFFC00000003FFFFFFFC000000FFFFFFFF0FFFFFFFFFFFFFF0FFFFFFFF0FFFFFFFFFFFFFFF8000000000000000000003FFFFFFFC00000003FFFFFFFC000000FFFFFFFF07FFFFFFFFFFFFE0FFFFFFFF07FFFFFFFFFFFFF80000000000000000000003FFFFFFFC00000003FFFFFFFC000000FFFFFFFF07FFFFFFFFFFFFE0FFFFFFFF07FFFFFFFFFFFFC00000000000000000000003FFFFFFFC00000003FFFFFFFC000000FFFFFFFF03FFFFFFFFFFFFC0FFFFFFFF07FFFFFFFFFFFC000000000000000000000003FFFFFFFC00000003FFFFFFFC000000FFFFFFFF01FFFFFFFFFFFF80FFFFFFFF07FFFFFFFFFFC0000000000000000000000003FFFFFFFC00000003FFFFFFFC000000FFFFFFFF00FFFFFFFFFFFF00FFFFFFFF03FFFFFFFFFC00000000000000000000000003FFFFFFFC00000003FFFFFFFC000000FFFFFFFF007FFFFFFFFFFE00FFFFFFFF03FFFFFFFFE000000000000000000000000003FFFFFFFC00000003FFFFFFFC000000FFFFFFFF007FFFFFFFFFFC00FFFFFFFF03FFFFFFFE0000000000000000000000000003FFFFFFFC00000003FFFFFFFC000000FFFFFFFF001FFFFFFFFFF800FFFFFFFF03FFFFFFE00000000000000000000000000003FFFFFFFC00000003FFFFFFFC000000FFFFFFFF000FFFFFFFFFF000FFFFFFFF01FFFFFF000000000000000000000000000003FFFFFFFC00000003FFFFFFFC000000FFFFFFFF0007FFFFFFFFE000FFFFFFFF01FFFFE0000000000000000000000000000003FFFFFFFC00000003FFFFFFFC000000FFFFFFFF0001FFFFFFFF8000FFFFFFFF01FFFF00000000000000000000000000000003FFFFFFFC00000003FFFFFFFC000000FFFFFFFF0000FFFFFFFF0000FFFFFFFF00FFF000000000000000000000000000000003FFFFFFFC00000003FFFFFFFC000000FFFFFFFF00003FFFFFFC0000FFFFFFFF00FF0000000000000000000000000000000003FFFFFFFC00000003FFFFFFFC000000FFFFFFFF00000FFFFFE00000FFFFFFFF00F80000000000000000000000000000000003FFFFFFFC00000003FFFFFFFC000000FFFFFFFF000001FFFF000000FFFFFFFF3FFFFFFFFFFFFFFFFFFFFFFFFFFFFFFFC00003FFFFFFFFFFFFFFFFFFFFFFFC000000FFFFFFFF0000000180000000FFFFFFFF3FFFFFFFFFFFFFFFFFFFFFFFFFFFFFFFC00003FFFFFFFFFFFFFFFFFFFFFFFC000000FFFFFFFF0000000000000000FFFFFFFF3FFFFFFFFFFFFFFFFFFFFFFFFFFFFFFFC00003FFFFFFFFFFFFFFFFFFFFFFFC000000FFFFFFFF0000000000000000FFFFFFFF3FFFFFFFFFFFFFFFFFFFFFFFFFFFFFFFC00003FFFFFFFFFFFFFFFFFFFFFFFC000000FFFFFFFF0000000000000000FFFFFFFF3FFFFFFFFFFFFFFFFFFFFFFFFFFFFFFFC00003FFFFFFFFFFFFFFFFFFFFFFFC000000FFFFFFFF0000000000000000FFFFFFFF3FFFFFFFFFFFFFFFFFFFFFFFFFFFFFFFC00003FFFFFFFFFFFFFFFFFFFFFFFC000000FFFFFFFF0000000000000000FFFFFFFF3FFFFFFFFFFFFFFFFFFFFFFFFFFFFFFFC00003FFFFFFFFFFFFFFFFFFFFFFFC000000FFFFFFFF0000000000000000FFFFFFFF3FFFFFFFFFFFFFFFFFFFFFFFFFFFFFFFC00001FFFFFFFFFFFFFFFBFFFFFFFC000000FFFFFFFF0000000000000000FFFFFFFF3FFFFFFFFFFFFFFFFFFFFFFFFFFFFFFFC00001FFFFFFFFFFFFFFFBFFFFFFFC000000FFFFFFFF0000000000000000FFFFFFFF3FFFFFFFFFFFFFFFFFFFFFFFFFFFFFFFC00001FFFFFFFFFFFFFFFBFFFFFFFC000000FFFFFFFF0000000000000000FFFFFFFF3FFFFFFFFFFFFFFFFFFFFFFFFFFFFFFFC00001FFFFFFFFFFFFFFF3FFFFFFFC000000FFFFFFFF0000000000000000FFFFFFFF3FFFFFFFFFFFFFFFFFFFFFFFFFFFFFFFC00000FFFFFFFFFFFFFFF3FFFFFFFC000000FFFFFFFF0000000000000000FFFFFFFF3FFFFFFFFFFFFFFFFFFFFFFFFFFFFFFFC00000FFFFFFFFFFFFFFF3FFFFFFFC000000FFFFFFFF0000000000000000FFFFFFFF3FFFFFFFFFFFFFFFFFFFFFFFFFFFFFFFC000007FFFFFFFFFFFFFE3FFFFFFFC000000FFFFFFFF0000000000000000FFFFFFFF3FFFFFFFFFFFFFFFFFFFFFFFFFFFFFFFC000007FFFFFFFFFFFFFE3FFFFFFFC000000FFFFFFFF0000000000000000FFFFFFFF3FFFFFFFFFFFFFFFFFFFFFFFFFFFFFFFC000003FFFFFFFFFFFFFC3FFFFFFFC000000FFFFFFFF0000000000000000FFFFFFFF3FFFFFFFFFFFFFFFFFFFFFFFFFFFFFFFC000003FFFFFFFFFFFFFC3FFFFFFFC000000FFFFFFFF0000000000000000FFFFFFFF3FFFFFFFFFFFFFFFFFFFFFFFFFFFFFFFC000001FFFFFFFFFFFFF83FFFFFFFC000000FFFFFFFF0000000000000000FFFFFFFF3FFFFFFFFFFFFFFFFFFFFFFFFFFFFFFFC000000FFFFFFFFFFFFF03FFFFFFFC000000FFFFFFFF0000000000000000FFFFFFFF3FFFFFFFFFFFFFFFFFFFFFFFFFFFFFFFC000000FFFFFFFFFFFFF03FFFFFFFC000000FFFFFFFF0000000000000000FFFFFFFF3FFFFFFFFFFFFFFFFFFFFFFFFFFFFFFFC0000007FFFFFFFFFFFE03FFFFFFFC000000FFFFFFFF0000000000000000FFFFFFFF3FFFFFFFFFFFFFFFFFFFFFFFFFFFFFFFC0000003FFFFFFFFFFFC03FFFFFFFC000000FFFFFFFF0000000000000000FFFFFFFF3FFFFFFFFFFFFFFFFFFFFFFFFFFFFFFFC0000001FFFFFFFFFFF803FFFFFFFC000000FFFFFFFF0000000000000000FFFFFFFF3FFFFFFFFFFFFFFFFFFFFFFFFFFFFFFFC0000000FFFFFFFFFFF003FFFFFFFC000000FFFFFFFF0000000000000000FFFFFFFF3FFFFFFFFFFFFFFFFFFFFFFFFFFFFFFFC00000007FFFFFFFFFE003FFFFFFFC000000FFFFFFFF0000000000000000FFFFFFFF3FFFFFFFFFFFFFFFFFFFFFFFFFFFFFFFC00000003FFFFFFFFFC003FFFFFFFC000000FFFFFFFF0000000000000000FFFFFFFF3FFFFFFFFFFFFFFFFFFFFFFFFFFFFFFFC00000001FFFFFFFFF8003FFFFFFFC000000FFFFFFFF0000000000000000FFFFFFFF3FFFFFFFFFFFFFFFFFFFFFFFFFFFFFFFC000000007FFFFFFFE0003FFFFFFFC000000FFFFFFFF0000000000000000FFFFFFFF3FFFFFFFFFFFFFFFFFFFFFFFFFFFFFFFC000000001FFFFFFF80003FFFFFFFC000000FFFFFFFF0000000000000000FFFFFFFF3FFFFFFFFFFFFFFFFFFFFFFFFFFFFFFFC0000000007FFFFFE00003FFFFFFFC000000FFFFFFFF0000000000000000FFFFFFFF3FFFFFFFFFFFFFFFFFFFFFFFFFFFFFFFC0000000001FFFFF800003FFFFFFFC000000FFFFFFFF0000000000000000FFFFFFFF3FFFFFFFFFFFFFFFFFFFFFFFFFFFFFFFC00000000001FFF8000003FFFFFFFC000000FFFFFFFF0000000000000000FFFFFFFF00000000000000000000000000000000000000000000000000000000000000000000000000000000000000000000000000000000000000000000000000000000000000000000000000000000000000000000000000000000000000000000000000000000000000000000000000000000000000000000000000000000000000000000000000000000000000000000000000000000000000000000000000000000000000000000000000000000000000000000000000000000000000000000000000000000000000000000000000000000000000000000000000000000000000000000000000000000000000000000000000000000000000000000000000000000000000000000000000000000000000000000000000000000000000000000000000000000000000000000000000000000000000000000000000000000000000000000000000000000000000000000000000000000000000000000000000000000000000000000000000000000000000000000000000000000000000000000000000000000000000000000000000000000000000000000000000000000000000000000000000000000000000000000000000000000000000000000000000000000000000000000000000000000000000000000000000000000000000000000000000000000000000000000000000000000000000000000000000000000000000000000000000000000000000000000000000000000000000000000000000000000000000000000000000000000000000000000000000000000000000000000000000000000000000000000000000000000000000000000000000000000000000000000000000000000000000000000000000000000000000000000000000000000000000000000000000000000000000000000000000000000019800000000000000000000000000000000000000000000000000000000000000000000000000000000000000000000000001980000000000000000000000000000000000000000000000000000000000000000000000000000000000000000000000000000000000000000000000000000000000000000000000000000000000000000000000001FF8FFC6033FF9FC0C06300600FFC4061FC0007030183E1FFC380C0C1F00F8180C018186031FC00380301801F03038FFC6031FF8FFC6033FF9FF0C06380600FFC4061FF0007030187F9FFC380C0C3FC1FE180C018186031FF00380701C03F83038FFC6030018C007030301038C06380E00C00406183800703018E180C0380C0C70C386180C0181870318380380703C061C3038C007030030C007830301018C06380E00C00406181800D03018C1C0C06C0C0C606303180C01818783181C03C0F03C0C0C3038C007830070C007830301018C063C1E00C00406181800D83018C0C0C06C0C0C606703180C01818783180C03C0F0360C063038C007830060C006C30301018C063C1E00C00406181800D83018C000C06C0C0C600600180C018186C3180C0361B0760C003038C006C300C0C006C30301018C06363600C004061818018C3018E000C0C60C0C700600180C018186C3180C0361B0660C003038C006C301C0FFC6630301FF0C06363600FFC4061FF0018C30187800C0C60C0C3E06001FFC01818663180C033330630C003FF8FFC6630180FFC6630301FE0C06336600FFC4061FF0018C30183F00C0C60C0C1F86001FFC01818663180C033330630C003FF8FFC6630300C006330301180C06336600C0040619C0030E30180F80C1C30C0C03C600180C01818633180C031E30C30C003038C006330700C0063303010C0C0631C600C0040618C003FE301801C0C1FF0C0C00E600180C01818633180C031E30FF8C003038C006330600C0061B03010E0C0631C600C00406186003FE301800C0C1FF0C0C006600180C0181861B180C030E30FF8C003038C0061B0C00C0061B0301060C0E300600C00606186006071018C0C0C3818C0C606703180C0181861B180C030031818C063038C0061B1C00C0060F0301030C0C300600C00606183006031818C0C0C3018C0C606303180C0181860F181C03003180CC0C3038C0060F1800C00607030103061C300600C0070E183006031C38E1C0C3018E1C70E386180C01C3860F183803003180C61C3038C0060F3FF8FFC60703010187F8300600C003FC18180C030FF07F80C300C7F83FC1FE180C00FF06071FF003003300C7F83038FFC6073FF8FFC603030101C1F0300600C001F0181C0C0187C01F00C600C1E00F80F8180C003E06031FE00300330061F03038FFC603\r\n^FS\r\n\r\n^XZ",
        "label_width": 105,
        "label_height": 52
    }
},
{
    "model": "inventory.location",
    "pk": 1,
    "fields": {
        "type": 1,
        "name": "UG Nord",
        "short_name": "N0",
        "description": "Straßenebene Nord",
        "label_template": 4,
        "parent_location": null,
        "last_complete_inventory": null,
        "unique_identifier": "N0",
        "locatable_identifier": "N0",
        "descriptive_identifier": "UG Nord [N0]"
    }
},
{
    "model": "inventory.location",
    "pk": 2,
    "fields": {
        "type": 1,
        "name": "EG Nord",
        "short_name": "N1",
        "description": "Passerellenebene Nordhaus",
        "label_template": 4,
        "parent_location": null,
        "last_complete_inventory": null,
        "unique_identifier": "N1",
        "locatable_identifier": "N1",
        "descriptive_identifier": "EG Nord [N1]"
    }
},
{
    "model": "inventory.location",
    "pk": 3,
    "fields": {
        "type": 1,
        "name": "1. OG Nord",
        "short_name": "N2",
        "description": "Schraubenabteilung im Nordhaus",
        "label_template": 4,
        "parent_location": null,
        "last_complete_inventory": "2022-02-20T00:34:40.216Z",
        "unique_identifier": "N2",
        "locatable_identifier": "N2",
        "descriptive_identifier": "1. OG Nord [N2]"
    }
},
{
    "model": "inventory.location",
    "pk": 4,
    "fields": {
        "type": 1,
        "name": "DG Nord",
        "short_name": "N3",
        "description": "Büroetage Nordhaus",
        "label_template": 4,
        "parent_location": null,
        "last_complete_inventory": null,
        "unique_identifier": "N3",
        "locatable_identifier": "N3",
        "descriptive_identifier": "DG Nord [N3]"
    }
},
{
    "model": "inventory.location",
    "pk": 5,
    "fields": {
        "type": 1,
        "name": "Keller West",
        "short_name": "W0",
        "description": "",
        "label_template": 4,
        "parent_location": null,
        "last_complete_inventory": null,
        "unique_identifier": "W0",
        "locatable_identifier": "W0",
        "descriptive_identifier": "Keller West [W0]"
    }
},
{
    "model": "inventory.location",
    "pk": 6,
    "fields": {
        "type": 1,
        "name": "Anlieferung West",
        "short_name": "W1",
        "description": "Lager/Anlieferung Westhaus",
        "label_template": 4,
        "parent_location": null,
        "last_complete_inventory": null,
        "unique_identifier": "W1",
        "locatable_identifier": "W1",
        "descriptive_identifier": "Anlieferung West [W1]"
    }
},
{
    "model": "inventory.location",
    "pk": 7,
    "fields": {
        "type": 1,
        "name": "EG West",
        "short_name": "W2",
        "description": "Passerellenebene Westhaus",
        "label_template": 4,
        "parent_location": null,
        "last_complete_inventory": null,
        "unique_identifier": "W2",
        "locatable_identifier": "W2",
        "descriptive_identifier": "EG West [W2]"
    }
},
{
    "model": "inventory.location",
    "pk": 8,
    "fields": {
        "type": 1,
        "name": "DG West",
        "short_name": "W3",
        "description": "",
        "label_template": 4,
        "parent_location": null,
        "last_complete_inventory": null,
        "unique_identifier": "W3",
        "locatable_identifier": "W3",
        "descriptive_identifier": "DG West [W3]"
    }
},
{
    "model": "inventory.location",
    "pk": 9,
    "fields": {
        "type": 1,
        "name": "Keller Süd",
        "short_name": "S0",
        "description": "",
        "label_template": 4,
        "parent_location": null,
        "last_complete_inventory": null,
        "unique_identifier": "S0",
        "locatable_identifier": "S0",
        "descriptive_identifier": "Keller Süd [S0]"
    }
},
{
    "model": "inventory.location",
    "pk": 10,
    "fields": {
        "type": 1,
        "name": "EG Süd",
        "short_name": "S1",
        "description": "",
        "label_template": 4,
        "parent_location": null,
        "last_complete_inventory": null,
        "unique_identifier": "S1",
        "locatable_identifier": "S1",
        "descriptive_identifier": "EG Süd [S1]"
    }
},
{
    "model": "inventory.location",
    "pk": 11,
    "fields": {
        "type": 1,
        "name": "1. OG Süd",
        "short_name": "S2",
        "description": "",
        "label_template": 4,
        "parent_location": null,
        "last_complete_inventory": null,
        "unique_identifier": "S2",
        "locatable_identifier": "S2",
        "descriptive_identifier": "1. OG Süd [S2]"
    }
},
{
    "model": "inventory.location",
    "pk": 12,
    "fields": {
        "type": 1,
        "name": "2. OG Süd",
        "short_name": "S3",
        "description": "Wohnungs-Ebene im Südhaus",
        "label_template": 4,
        "parent_location": null,
        "last_complete_inventory": null,
        "unique_identifier": "S3",
        "locatable_identifier": "S3",
        "descriptive_identifier": "2. OG Süd [S3]"
    }
},
{
    "model": "inventory.location",
    "pk": 13,
    "fields": {
        "type": 1,
        "name": "DG Süd",
        "short_name": "S4",
        "description": "Dachstühle zur Hauptstraße im Südhaus",
        "label_template": 4,
        "parent_location": null,
        "last_complete_inventory": null,
        "unique_identifier": "S4",
        "locatable_identifier": "S4",
        "descriptive_identifier": "DG Süd [S4]"
    }
},
{
    "model": "inventory.location",
    "pk": 14,
    "fields": {
        "type": 1,
        "name": "1. OG Turm",
        "short_name": "T2",
        "description": "aktuell Lagerregallager",
        "label_template": 4,
        "parent_location": null,
        "last_complete_inventory": null,
        "unique_identifier": "T2",
        "locatable_identifier": "T2",
        "descriptive_identifier": "1. OG Turm [T2]"
    }
},
{
    "model": "inventory.location",
    "pk": 15,
    "fields": {
        "type": 1,
        "name": "2. OG Turm",
        "short_name": "T3",
        "description": "",
        "label_template": 4,
        "parent_location": null,
        "last_complete_inventory": null,
        "unique_identifier": "T3",
        "locatable_identifier": "T3",
        "descriptive_identifier": "2. OG Turm [T3]"
    }
},
{
    "model": "inventory.location",
    "pk": 16,
    "fields": {
        "type": 1,
        "name": "DG Turm",
        "short_name": "T4",
        "description": "",
        "label_template": 4,
        "parent_location": null,
        "last_complete_inventory": null,
        "unique_identifier": "T4",
        "locatable_identifier": "T4",
        "descriptive_identifier": "DG Turm [T4]"
    }
},
{
    "model": "inventory.location",
    "pk": 17,
    "fields": {
        "type": 1,
        "name": "Hof",
        "short_name": "H0",
        "description": "",
        "label_template": 4,
        "parent_location": null,
        "last_complete_inventory": "2022-02-20T00:40:35.260Z",
        "unique_identifier": "H0",
        "locatable_identifier": "H0",
        "descriptive_identifier": "Hof [H0]"
    }
},
{
    "model": "inventory.location",
    "pk": 18,
    "fields": {
        "type": 6,
        "name": "IT- und Warenlager",
        "short_name": "IWL",
        "description": "",
        "label_template": 4,
        "parent_location": 11,
        "last_complete_inventory": null,
        "unique_identifier": "S2.IWL",
        "locatable_identifier": "S2.IWL",
        "descriptive_identifier": "1. OG Süd [S2] IT- und Warenlager [IWL]"
    }
},
{
    "model": "inventory.location",
    "pk": 19,
    "fields": {
        "type": 6,
        "name": "Verkaufsregallager",
        "short_name": "VRL",
        "description": "",
        "label_template": 4,
        "parent_location": 11,
        "last_complete_inventory": null,
        "unique_identifier": "S2.VRL",
        "locatable_identifier": "S2.VRL",
        "descriptive_identifier": "1. OG Süd [S2] Verkaufsregallager [VRL]"
    }
},
{
    "model": "inventory.location",
    "pk": 20,
    "fields": {
        "type": 6,
        "name": "Lampenlager",
        "short_name": "LL",
        "description": "",
        "label_template": 4,
        "parent_location": 11,
        "last_complete_inventory": null,
        "unique_identifier": "S2.LL",
        "locatable_identifier": "S2.LL",
        "descriptive_identifier": "1. OG Süd [S2] Lampenlager [LL]"
    }
},
{
    "model": "inventory.location",
    "pk": 21,
    "fields": {
        "type": 6,
        "name": "Treppenhaus",
        "short_name": "T",
        "description": "",
        "label_template": 4,
        "parent_location": 2,
        "last_complete_inventory": null,
        "unique_identifier": "N1.T",
        "locatable_identifier": "N1.T",
        "descriptive_identifier": "EG Nord [N1] Treppenhaus [T]"
    }
},
{
    "model": "inventory.location",
    "pk": 22,
    "fields": {
        "type": 6,
        "name": "Treppenhaus",
        "short_name": "T",
        "description": "",
        "label_template": 4,
        "parent_location": 4,
        "last_complete_inventory": null,
        "unique_identifier": "N3.T",
        "locatable_identifier": "N3.T",
        "descriptive_identifier": "DG Nord [N3] Treppenhaus [T]"
    }
},
{
    "model": "inventory.location",
    "pk": 23,
    "fields": {
        "type": 6,
        "name": "Serverraum",
        "short_name": "1",
        "description": "",
        "label_template": 4,
        "parent_location": 4,
        "last_complete_inventory": null,
        "unique_identifier": "N3.1",
        "locatable_identifier": "N3.1",
        "descriptive_identifier": "DG Nord [N3] Serverraum [1]"
    }
},
{
    "model": "inventory.location",
    "pk": 24,
    "fields": {
        "type": 6,
        "name": "Toiletten 1",
        "short_name": "WC1",
        "description": "",
        "label_template": 4,
        "parent_location": 4,
        "last_complete_inventory": null,
        "unique_identifier": "N3.WC1",
        "locatable_identifier": "N3.WC1",
        "descriptive_identifier": "DG Nord [N3] Toiletten 1 [WC1]"
    }
},
{
    "model": "inventory.location",
    "pk": 25,
    "fields": {
        "type": 6,
        "name": "Toiletten 2",
        "short_name": "WC2",
        "description": "",
        "label_template": 4,
        "parent_location": 4,
        "last_complete_inventory": null,
        "unique_identifier": "N3.WC2",
        "locatable_identifier": "N3.WC2",
        "descriptive_identifier": "DG Nord [N3] Toiletten 2 [WC2]"
    }
},
{
    "model": "inventory.location",
    "pk": 26,
    "fields": {
        "type": 6,
        "name": "Lobby",
        "short_name": "0",
        "description": "",
        "label_template": 4,
        "parent_location": 4,
        "last_complete_inventory": null,
        "unique_identifier": "N3.0",
        "locatable_identifier": "N3.0",
        "descriptive_identifier": "DG Nord [N3] Lobby [0]"
    }
},
{
    "model": "inventory.location",
    "pk": 27,
    "fields": {
        "type": 6,
        "name": "Aufzugsraum",
        "short_name": "2",
        "description": "",
        "label_template": 4,
        "parent_location": 4,
        "last_complete_inventory": null,
        "unique_identifier": "N3.2",
        "locatable_identifier": "N3.2",
        "descriptive_identifier": "DG Nord [N3] Aufzugsraum [2]"
    }
},
{
    "model": "inventory.location",
    "pk": 28,
    "fields": {
        "type": 6,
        "name": "Büro SO",
        "short_name": "3",
        "description": "ehm. Chefbüro",
        "label_template": 4,
        "parent_location": 4,
        "last_complete_inventory": null,
        "unique_identifier": "N3.3",
        "locatable_identifier": "N3.3",
        "descriptive_identifier": "DG Nord [N3] Büro SO [3]"
    }
},
{
    "model": "inventory.location",
    "pk": 29,
    "fields": {
        "type": 6,
        "name": "Lagerbüro",
        "short_name": "4",
        "description": "",
        "label_template": 4,
        "parent_location": 4,
        "last_complete_inventory": null,
        "unique_identifier": "N3.4",
        "locatable_identifier": "N3.4",
        "descriptive_identifier": "DG Nord [N3] Lagerbüro [4]"
    }
},
{
    "model": "inventory.location",
    "pk": 30,
    "fields": {
        "type": 6,
        "name": "Büro SW",
        "short_name": "5",
        "description": "",
        "label_template": 4,
        "parent_location": 4,
        "last_complete_inventory": null,
        "unique_identifier": "N3.5",
        "locatable_identifier": "N3.5",
        "descriptive_identifier": "DG Nord [N3] Büro SW [5]"
    }
},
{
    "model": "inventory.location",
    "pk": 31,
    "fields": {
        "type": 6,
        "name": "Büro NW",
        "short_name": "6",
        "description": "",
        "label_template": 4,
        "parent_location": 4,
        "last_complete_inventory": null,
        "unique_identifier": "N3.6",
        "locatable_identifier": "N3.6",
        "descriptive_identifier": "DG Nord [N3] Büro NW [6]"
    }
},
{
    "model": "inventory.location",
    "pk": 32,
    "fields": {
        "type": 6,
        "name": "Büro",
        "short_name": "1",
        "description": "",
        "label_template": 4,
        "parent_location": 2,
        "last_complete_inventory": null,
        "unique_identifier": "N1.1",
        "locatable_identifier": "N1.1",
        "descriptive_identifier": "EG Nord [N1] Büro [1]"
    }
},
{
    "model": "inventory.location",
    "pk": 33,
    "fields": {
        "type": 6,
        "name": "Zwergenlager",
        "short_name": "2",
        "description": "Lager unter Verkaufsraum-Treppe",
        "label_template": null,
        "parent_location": 2,
        "last_complete_inventory": null,
        "unique_identifier": "N1.2",
        "locatable_identifier": "N1.2",
        "descriptive_identifier": "EG Nord [N1] Zwergenlager [2]"
    }
}
]
